{
  "by_mode": {
    "direct_openpi": {
      "episodes": 140,
      "mean_episode_steps": 131.79285714285714,
      "success_rate": 0.8428571428571429,
      "successes": 118,
      "terminal_labels": {
        "success": 118,
        "timeout": 22
      },
      "timeout_rate": 0.15714285714285714,
      "timeouts": 22
    }
  },
  "episodes": 140
}