{
  "by_mode": {
    "direct_openpi": {
      "episodes": 140,
      "mean_episode_steps": 111.28571428571429,
      "success_rate": 0.9642857142857143,
      "successes": 135,
      "terminal_labels": {
        "success": 135,
        "timeout": 5
      },
      "timeout_rate": 0.03571428571428571,
      "timeouts": 5
    }
  },
  "episodes": 140
}