{
  "by_mode": {
    "direct_openpi": {
      "episodes": 12,
      "mean_episode_steps": 123.91666666666667,
      "success_rate": 0.8333333333333334,
      "successes": 10,
      "terminal_labels": {
        "success": 10,
        "timeout": 2
      },
      "timeout_rate": 0.16666666666666666,
      "timeouts": 2
    }
  },
  "episodes": 12
}