{
  "by_mode": {
    "fixed_task_prior_selective": {
      "episodes": 30,
      "mean_episode_steps": 190.06666666666666,
      "success_rate": 0.36666666666666664,
      "successes": 11,
      "terminal_labels": {
        "success": 11,
        "timeout": 19
      },
      "timeout_rate": 0.6333333333333333,
      "timeouts": 19
    }
  },
  "episodes": 30
}