{
  "by_mode": {
    "direct_openpi": {
      "episodes": 70,
      "mean_episode_steps": 215.25714285714287,
      "success_rate": 0.07142857142857142,
      "successes": 5,
      "terminal_labels": {
        "success": 5,
        "timeout": 65
      },
      "timeout_rate": 0.9285714285714286,
      "timeouts": 65
    }
  },
  "episodes": 70
}