{
  "notes": "Tracked reports only; raw JSONL rollout datasets are generated artifacts under datasets/.",
  "ok": true,
  "risk_summary": {
    "baselines": {
      "fixed_task_prior": {
        "calibration": {
          "auprc": 0.6666666666666666,
          "auroc": 0.3125,
          "brier": 0.30584490740740744,
          "coverage_at_threshold": 1.0,
          "ece": 0.3680555555555556,
          "examples": 6,
          "failure_rate_attempted": 0.3333333333333333,
          "nll": 0.8390586367855953,
          "positive_rate": 0.3333333333333333
        },
        "test": {
          "auprc": 1.0,
          "auroc": 1.0,
          "brier": 0.12065972222222222,
          "coverage_at_threshold": 1.0,
          "ece": 0.3125,
          "examples": 6,
          "failure_rate_attempted": 0.3333333333333333,
          "nll": 0.4005437767912483,
          "positive_rate": 0.3333333333333333
        },
        "train": {
          "auprc": 0.7404151404151403,
          "auroc": 0.6527777777777778,
          "brier": 0.20601851851851852,
          "coverage_at_threshold": 1.0,
          "ece": 0.0,
          "examples": 18,
          "failure_rate_attempted": 0.3333333333333333,
          "nll": 0.5982478822611925,
          "positive_rate": 0.3333333333333333
        }
      },
      "global_prior": {
        "calibration": {
          "auprc": 1.0,
          "auroc": 0.5,
          "brier": 0.22222222222222224,
          "coverage_at_threshold": 1.0,
          "ece": 0.0,
          "examples": 6,
          "failure_rate_attempted": 0.3333333333333333,
          "nll": 0.6365141682948128,
          "positive_rate": 0.3333333333333333
        },
        "test": {
          "auprc": 1.0,
          "auroc": 0.5,
          "brier": 0.22222222222222224,
          "coverage_at_threshold": 1.0,
          "ece": 0.0,
          "examples": 6,
          "failure_rate_attempted": 0.3333333333333333,
          "nll": 0.6365141682948128,
          "positive_rate": 0.3333333333333333
        },
        "train": {
          "auprc": 1.0,
          "auroc": 0.5,
          "brier": 0.2222222222222222,
          "coverage_at_threshold": 1.0,
          "ece": 0.0,
          "examples": 18,
          "failure_rate_attempted": 0.3333333333333333,
          "nll": 0.6365141682948127,
          "positive_rate": 0.3333333333333333
        }
      }
    },
    "calibration": {
      "method": "temperature_scaling_grid",
      "temperature": 5.0,
      "threshold": 0.8
    },
    "class_balance": {
      "all": {
        "examples": 30,
        "failure_rate": 0.3333333333333333,
        "failures": 10,
        "timeout_rate": 0.3333333333333333,
        "timeouts": 10
      },
      "calibration": {
        "examples": 6,
        "failure_rate": 0.3333333333333333,
        "failures": 2,
        "timeout_rate": 0.3333333333333333,
        "timeouts": 2
      },
      "test": {
        "examples": 6,
        "failure_rate": 0.3333333333333333,
        "failures": 2,
        "timeout_rate": 0.3333333333333333,
        "timeouts": 2
      },
      "train": {
        "examples": 18,
        "failure_rate": 0.3333333333333333,
        "failures": 6,
        "timeout_rate": 0.3333333333333333,
        "timeouts": 6
      }
    },
    "feature_names": [
      "bias",
      "task_id_scaled",
      "suite_hash",
      "language_hash",
      "n_action_steps_scaled",
      "stressor_severity",
      "stressor_none",
      "stressor_occlusion",
      "stressor_action_noise",
      "stressor_gaussian_noise",
      "stressor_brightness",
      "stressor_action_delay",
      "stressor_action_precision",
      "prefix_action_norm_mean",
      "prefix_action_norm_max",
      "prefix_action_smoothness_mean",
      "prefix_no_progress_mean",
      "prefix_reward_sum"
    ],
    "input_paths": [
      "datasets/openpi_libero_rollouts/openpi_rollouts_10094.jsonl",
      "datasets/openpi_libero_rollouts/openpi_rollouts_10095.jsonl",
      "datasets/openpi_libero_rollouts/openpi_rollouts_10096.jsonl"
    ],
    "metrics": {
      "calibration": {
        "auprc": 1.0,
        "auroc": 1.0,
        "brier": 0.17105076744080885,
        "coverage_at_threshold": 0.6666666666666666,
        "ece": 0.3589791031335921,
        "examples": 6,
        "failure_rate_attempted": 0.0,
        "nll": 0.5277008650312814,
        "positive_rate": 0.3333333333333333,
        "reliability_bins": [
          {
            "bin_high": 0.1,
            "bin_low": 0.0,
            "count": 0,
            "empirical_failure_rate": 0.0,
            "mean_predicted_risk": 0.0
          },
          {
            "bin_high": 0.2,
            "bin_low": 0.1,
            "count": 0,
            "empirical_failure_rate": 0.0,
            "mean_predicted_risk": 0.0
          },
          {
            "bin_high": 0.3,
            "bin_low": 0.2,
            "count": 0,
            "empirical_failure_rate": 0.0,
            "mean_predicted_risk": 0.0
          },
          {
            "bin_high": 0.4,
            "bin_low": 0.3,
            "count": 3,
            "empirical_failure_rate": 0.0,
            "mean_predicted_risk": 0.34184775505457127
          },
          {
            "bin_high": 0.5,
            "bin_low": 0.4,
            "count": 0,
            "empirical_failure_rate": 0.0,
            "mean_predicted_risk": 0.0
          },
          {
            "bin_high": 0.6,
            "bin_low": 0.5,
            "count": 0,
            "empirical_failure_rate": 0.0,
            "mean_predicted_risk": 0.0
          },
          {
            "bin_high": 0.7,
            "bin_low": 0.6,
            "count": 0,
            "empirical_failure_rate": 0.0,
            "mean_predicted_risk": 0.0
          },
          {
            "bin_high": 0.8,
            "bin_low": 0.7,
            "count": 1,
            "empirical_failure_rate": 0.0,
            "mean_predicted_risk": 0.7834610554311091
          },
          {
            "bin_high": 0.9,
            "bin_low": 0.8,
            "count": 2,
            "empirical_failure_rate": 1.0,
            "mean_predicted_risk": 0.8275648508966351
          },
          {
            "bin_high": 1.0,
            "bin_low": 0.9,
            "count": 0,
            "empirical_failure_rate": 0.0,
            "mean_predicted_risk": 0.0
          }
        ]
      },
      "test": {
        "auprc": 0.75,
        "auroc": 0.75,
        "brier": 0.43167604432835865,
        "coverage_at_threshold": 0.6666666666666666,
        "ece": 0.4654797675593596,
        "examples": 6,
        "failure_rate_attempted": 0.25,
        "nll": 1.1221286498421035,
        "positive_rate": 0.3333333333333333,
        "reliability_bins": [
          {
            "bin_high": 0.1,
            "bin_low": 0.0,
            "count": 0,
            "empirical_failure_rate": 0.0,
            "mean_predicted_risk": 0.0
          },
          {
            "bin_high": 0.2,
            "bin_low": 0.1,
            "count": 0,
            "empirical_failure_rate": 0.0,
            "mean_predicted_risk": 0.0
          },
          {
            "bin_high": 0.3,
            "bin_low": 0.2,
            "count": 0,
            "empirical_failure_rate": 0.0,
            "mean_predicted_risk": 0.0
          },
          {
            "bin_high": 0.4,
            "bin_low": 0.3,
            "count": 0,
            "empirical_failure_rate": 0.0,
            "mean_predicted_risk": 0.0
          },
          {
            "bin_high": 0.5,
            "bin_low": 0.4,
            "count": 0,
            "empirical_failure_rate": 0.0,
            "mean_predicted_risk": 0.0
          },
          {
            "bin_high": 0.6,
            "bin_low": 0.5,
            "count": 0,
            "empirical_failure_rate": 0.0,
            "mean_predicted_risk": 0.0
          },
          {
            "bin_high": 0.7,
            "bin_low": 0.6,
            "count": 0,
            "empirical_failure_rate": 0.0,